Workbook

Sheet Impact_of_Remote_Work_on_Mental
A1: Employee_ID | B1: Region | C1: Age | D1: Gender | E1: Job_Role | F1: Industry | G1: Years_of_Experience | H1: Work_Location | I1: Hours_Worked_Per_Week | J1: Number_of_Virtual_Meetings | K1: Work_Life_Balance_Rating | L1: Stress_Level | M1: Mental_Health_Condition | N1: Access_to_Mental_Health_Resources | O1: Productivity_Change | P1: Social_Isolation_Rating | Q1: Satisfaction_with_Remote_Work | R1: Company_Support_for_Remote_Work | S1: Physical_Activity | T1: Sleep_Quality | U1: random | X1: =CHOOSE(RANDBETWEEN(1,4),"Anxiety","Depression","Burnout","None") -> Depression
A2: EMP0001 | B2: Europe | C2: 32 | D2: Non-binary | E2: HR | F2: Healthcare | G2: 9 | H2: Hybrid | I2: 45 | J2: 7 | K2: 2 | L2: Medium | M2: Anxiety | N2: No | O2: Decrease | P2: 1 | Q2: Unsatisfied | R2: 1 | S2: Weekly | T2: Good | U2: 0.65904656 | V2: 34 | W2: =IFERROR(VLOOKUP(A2,Sheet7!$A:$B,2,FALSE),I2) -> 45
A3: EMP0002 | B3: Asia | C3: 40 | D3: Female | E3: Data Scientist | F3: IT | G3: 18 | H3: Remote | I3: 44 | J3: 3 | K3: 4 | L3: Medium | M3: None | N3: No | O3: Increase | P3: 3 | Q3: Satisfied | R3: 2 | S3: Weekly | T3: Good | U3: 0.76114406 | V3: 44 | W3: =IFERROR(VLOOKUP(A3,Sheet7!$A:$B,2,FALSE),I3) -> 44
A4: EMP0003 | B4: North America | C4: 45 | D4: Non-binary | E4: Software Engineer | F4: Education | G4: 23 | H4: Hybrid | I4: 40 | J4: 3 | K4: 5 | L4: Low | M4: Anxiety | N4: No | O4: Increase | P4: 4 | Q4: Unsatisfied | R4: 5 | S4: None | T4: Poor | U4: 0.30541523 | V4: 42 | W4: =IFERROR(VLOOKUP(A4,Sheet7!$A:$B,2,FALSE),I4) -> 40
A5: EMP0004 | B5: Europe | C5: 27 | D5: Male | E5: Software Engineer | F5: Finance | G5: 7 | H5: Onsite | I5: 38 | J5: 9 | K5: 4 | L5: High | M5: Burnout | N5: Yes | O5: No Change | P5: 3 | Q5: Unsatisfied | R5: 3 | S5: None | T5: Poor | U5: 0.57444236 | V5: 43 | W5: =IFERROR(VLOOKUP(A5,Sheet7!$A:$B,2,FALSE),I5) -> 38
A6: EMP0005 | B6: North America | C6: 49 | D6: Male | E6: Sales | F6: Consulting | G6: 12 | H6: Onsite | I6: 42 | J6: 9 | K6: 2 | L6: High | M6: Anxiety | N6: Yes | O6: Decrease | P6: 3 | Q6: Unsatisfied | R6: 3 | S6: Weekly | T6: Average | U6: 0.38164146 | V6: 34 | W6: =IFERROR(VLOOKUP(A6,Sheet7!$A:$B,2,FALSE),I6) -> 42
A7: EMP0006 | B7: South America | C7: 42 | D7: Non-binary | E7: Sales | F7: IT | G7: 20 | H7: Hybrid | I7: 53 | J7: 15 | K7: 4 | L7: High | M7: Anxiety | N7: No | O7: Increase | P7: 5 | Q7: Unsatisfied | R7: 1 | S7: None | T7: Average | U7: 0.033087916 | V7: 35 | W7: =IFERROR(VLOOKUP(A7,Sheet7!$A:$B,2,FALSE),I7) -> 53
A8: EMP0007 | B8: Asia | C8: 31 | D8: Prefer not to say | E8: Sales | F8: IT | G8: 10 | H8: Remote | I8: 48 | J8: 17 | K8: 3 | L8: Low | M8: Anxiety | N8: Yes | O8: Decrease | P8: 5 | Q8: Neutral | R8: 3 | S8: Daily | T8: Poor | U8: 0.10438227 | V8: 38 | W8: =IFERROR(VLOOKUP(A8,Sheet7!$A:$B,2,FALSE),I8) -> 48
A9: EMP0008 | B9: North America | C9: 42 | D9: Non-binary | E9: Data Scientist | F9: Manufacturing | G9: 22 | H9: Remote | I9: 40 | J9: 9 | K9: 3 | L9: Medium | M9: Burnout | N9: No | O9: No Change | P9: 4 | Q9: Satisfied | R9: 4 | S9: None | T9: Average | U9: 0.21343907 | V9: 46 | W9: =IFERROR(VLOOKUP(A9,Sheet7!$A:$B,2,FALSE),I9) -> 40
A10: EMP0009 | B10: Europe | C10: 47 | D10: Prefer not to say | E10: Data Scientist | F10: Healthcare | G10: 26 | H10: Hybrid | I10: 30 | J10: 7 | K10: 2 | L10: High | M10: Anxiety | N10: Yes | O10: Decrease | P10: 2 | Q10: Unsatisfied | R10: 4 | S10: Daily | T10: Poor | U10: 0.47093591 | V10: 34 | W10: =IFERROR(VLOOKUP(A10,Sheet7!$A:$B,2,FALSE),I10) -> 30
A11: EMP0010 | B11: North America | C11: 30 | D11: Female | E11: HR | F11: IT | G11: 10 | H11: Hybrid | I11: 48 | J11: 18 | K11: 1 | L11: Low | M11: Depression | N11: Yes | O11: Decrease | P11: 2 | Q11: Neutral | R11: 1 | S11: Weekly | T11: Poor | U11: 0.4173124 | V11: 34 | W11: =IFERROR(VLOOKUP(A11,Sheet7!$A:$B,2,FALSE),I11) -> 48
A12: EMP0011 | B12: Oceania | C12: 33 | D12: Non-binary | E12: Software Engineer | F12: Finance | G12: 12 | H12: Remote | I12: 48 | J12: 17 | K12: 3 | L12: High | M12: None | N12: Yes | O12: No Change | P12: 4 | Q12: Satisfied | R12: 2 | S12: Weekly | T12: Average | U12: 0.49083883 | V12: 37 | W12: =IFERROR(VLOOKUP(A12,Sheet7!$A:$B,2,FALSE),I12) -> 48
A13: EMP0012 | B13: Africa | C13: 47 | D13: Female | E13: Marketing | F13: Consulting | G13: 28 | H13: Hybrid | I13: 26 | J13: 1 | K13: 4 | L13: Medium | M13: Anxiety | N13: Yes | O13: No Change | P13: 4 | Q13: Neutral | R13: 3 | S13: Weekly | T13: Poor | U13: 0.55179459 | V13: 37 | W13: =IFERROR(VLOOKUP(A13,Sheet7!$A:$B,2,FALSE),I13) -> 26
... A5001: EMP5000 | B5001: Asia | C5001: 29 | D5001: Male | E5001: HR | F5001: IT | G5001: 9 | H5001: Onsite | I5001: 40 | J5001: 6 | K5001: 1 | L5001: Low | M5001: Anxiety | N5001: Yes | O5001: Decrease | P5001: 2 | Q5001: Unsatisfied | R5001: 5 | S5001: None | T5001: Poor | U5001: 0.80809463 | V5001: 40 | W5001: =IFERROR(VLOOKUP(A5001,Sheet7!$A:$B,2,FALSE),I5001) -> 40

Sheet Sheet7
A1: Employee_ID
A2: EMP0029 | B2: 40
A3: EMP0069 | B3: 44
A4: EMP0075 | B4: 46
A5: EMP0082 | B5: 39
A6: EMP0099 | B6: 44
A7: EMP0106 | B7: 43
A8: EMP0113 | B8: 43
A9: EMP0121 | B9: 42
A10: EMP0123 | B10: 41
A11: EMP0132 | B11: 40
A12: EMP0159 | B12: 33
A13: EMP0165 | B13: 41
... A339: EMP5000 | B339: 40

Sheet Sheet2
A4: Region | B4: (All)
A6: Count of Employee_ID | B6: Column Labels
A7: Row Labels | B7: Anxiety | C7: Burnout | D7: Depression | E7: None | F7: Grand Total
A8: Daily | B8: 0.0866 | C8: 0.0828 | D8: 0.0848 | E8: 0.069 | F8: 0.3232
A9: None | B9: 0.0848 | C9: 0.0762 | D9: 0.0866 | E9: 0.0782 | F9: 0.3258
A10: Weekly | B10: 0.0908 | C10: 0.0936 | D10: 0.0874 | E10: 0.0792 | F10: 0.351
A11: Grand Total | B11: 0.2622 | C11: 0.2526 | D11: 0.2588 | E11: 0.2264 | F11: 1
A16: Region | B16: (All) | H16: Region | I16: (All)
A18: Count of Employee_ID | B18: Column Labels | H18: Count of Employee_ID | I18: Column Labels
A19: Row Labels | B19: Anxiety | C19: Burnout | D19: Depression | E19: None | F19: Grand Total | H19: Row Labels | I19: Decrease | J19: Increase | K19: No Change | L19: Grand Total
A20: Hybrid | B20: 501 | C20: 480 | D20: 483 | E20: 486 | F20: 1950 | H20: Hybrid | I20: 471 | J20: 752 | K20: 727 | L20: 1950
A21: Onsite | B21: 407 | C21: 424 | D21: 399 | E21: 342 | F21: 1572 | H21: Onsite | I21: 479 | J21: 557 | K21: 536 | L21: 1572
A22: Remote | B22: 403 | C22: 359 | D22: 412 | E22: 304 | F22: 1478 | H22: Remote | I22: 436 | J22: 548 | K22: 494 | L22: 1478
A23: Grand Total | B23: 1311 | C23: 1263 | D23: 1294 | E23: 1132 | F23: 5000 | H23: Grand Total | I23: 1386 | J23: 1857 | K23: 1757 | L23: 5000
A27: Region | B27: (All) | H27: Region | I27: (All)
A29: Count of Employee_ID | B29: Column Labels | H29: Count of Employee_ID | I29: Column Labels
A30: Row Labels | B30: Anxiety | C30: Burnout | D30: Depression | E30: None | F30: Grand Total | H30: Row Labels | I30: Decrease | J30: Increase | K30: No Change | L30: Grand Total
A31: Hybrid | B31: 0.1002 | C31: 0.096 | D31: 0.0966 | E31: 0.0972 | F31: 0.39 | H31: Hybrid | I31: 0.0942 | J31: 0.1504 | K31: 0.1454 | L31: 0.39
A32: Onsite | B32: 0.0814 | C32: 0.0848 | D32: 0.0798 | E32: 0.0684 | F32: 0.3144 | H32: Onsite | I32: 0.0958 | J32: 0.1114 | K32: 0.1072 | L32: 0.3144
A33: Remote | B33: 0.0806 | C33: 0.0718 | D33: 0.0824 | E33: 0.0608 | F33: 0.2956 | H33: Remote | I33: 0.0872 | J33: 0.1096 | K33: 0.0988 | L33: 0.2956
A34: Grand Total | B34: 0.2622 | C34: 0.2526 | D34: 0.2588 | E34: 0.2264 | F34: 1 | H34: Grand Total | I34: 0.2772 | J34: 0.3714 | K34: 0.3514 | L34: 1
A37: Region | B37: (All)
A38: Employee_ID | B38: (All)
A40: Row Labels | B40: Average of Hours_Worked_Per_Week | C40: Average of Number_of_Virtual_Meetings
A41: Hybrid | B41: 42.212821 | C41: 7.6435897 | D41: 42.211795
A42: Onsite | B42: 41.706743 | C42: 7.4312977 | D42: 41.8
A43: Remote | B43: 43.32747 | C43: 7.8098782 | D43: 43.317997
A44: Grand Total | B44: 42.3832 | C44: 7.626

Sheet Formular - to change data
C1: Description
B2: =CHOOSE(RANDBETWEEN(1,4),"Anxiety","Depression","Burnout","None") | C2: Randbetween different types
B3: =C7-21+RANDBETWEEN(1,5) | C3: randbetwen ages & years of exp to create correlation
B4: =ROUND((I2/5)*RANDBETWEEN(1,2)-IF(C2<35,RANDBETWEEN(1,5),RANDBETWEEN(5,8)),0) | C4: Number of virtual meetings
B6: Data changes to make
A7: 1 | B7: Changing Mental health condition from "None" to "No Issues"

Sheet Sheet1
A1: Work_Location | B1: (Multiple Items)
A3: Count of Employee_ID | B3: Column Labels | G3: Count of Employee_ID | H3: Column Labels
A4: Row Labels | B4: Neutral | C4: Satisfied | D4: Unsatisfied | E4: Grand Total | G4: Row Labels | H4: Anxiety | I4: Burnout | J4: Depression | K4: None | L4: Grand Total
A5: Anxiety | B5: 0.26213592 | C5: 0.21850746 | D5: 0.3059034 | E5: 0.2622 | G5: Hybrid | H5: 501 | I5: 480 | J5: 483 | K5: 486 | L5: 1950
A6: Burnout | B6: 0.27487864 | C6: 0.21074627 | D6: 0.26416219 | E6: 0.2498 | G6: Onsite | H6: 407 | I6: 410 | J6: 399 | K6: 356 | L6: 1572
A7: Depression | B7: 0.23543689 | C7: 0.23462687 | D7: 0.3059034 | E7: 0.2588 | G7: Remote | H7: 403 | I7: 359 | J7: 412 | K7: 304 | L7: 1478
A8: None | B8: 0.22754854 | C8: 0.3361194 | D8: 0.12403101 | E8: 0.2292 | G8: Grand Total | H8: 1311 | I8: 1249 | J8: 1294 | K8: 1146 | L8: 5000
A9: Grand Total | B9: 1 | C9: 1 | D9: 1 | E9: 1
A13: Count of Employee_ID | B13: Column Labels
A14: Row Labels | B14: 0 | C14: 1 | D14: 2 | E14: 3 | F14: 4 | G14: 5 | H14: 6 | I14: 7 | J14: 8 | K14: 9 | L14: 10 | M14: 11 | N14: 12 | O14: 13 | P14: 14 | Q14: 15 | R14: (blank) | S14: Grand Total
A15: 22 | B15: 1 | C15: 10 | D15: 8 | E15: 4 | F15: 10 | G15: 16 | H15: 7 | I15: 8 | J15: 8 | K15: 8 | L15: 4 | M15: 11 | N15: 15 | O15: 10 | P15: 4 | Q15: 7 | S15: 131
A16: 23 | C16: 3 | D16: 10 | E16: 10 | F16: 8 | G16: 5 | H16: 7 | I16: 9 | J16: 7 | K16: 6 | L16: 12 | M16: 12 | N16: 19 | O16: 10 | P16: 11 | Q16: 12 | S16: 141
A17: 24 | B17: 1 | C17: 7 | D17: 7 | E17: 10 | F17: 8 | G17: 10 | H17: 6 | I17: 12 | J17: 6 | K17: 11 | L17: 15 | M17: 8 | N17: 6 | O17: 12 | P17: 7 | Q17: 9 | S17: 135
A18: 25 | B18: 3 | C18: 9 | D18: 3 | E18: 7 | F18: 6 | G18: 6 | H18: 8 | I18: 14 | J18: 9 | K18: 16 | L18: 7 | M18: 10 | N18: 15 | O18: 9 | P18: 11 | Q18: 11 | S18: 144
A19: 26 | B19: 2 | C19: 5 | D19: 5 | E19: 7 | F19: 3 | G19: 7 | H19: 6 | I19: 2 | J19: 13 | K19: 12 | L19: 12 | M19: 5 | N19: 6 | O19: 7 | P19: 7 | Q19: 7 | S19: 106
A20: 27 | C20: 3 | D20: 10 | E20: 12 | F20: 9 | G20: 8 | H20: 9 | I20: 10 | J20: 6 | K20: 8 | L20: 9 | M20: 12 | N20: 7 | O20: 13 | P20: 7 | Q20: 5 | S20: 128
A21: 28 | B21: 1 | C21: 7 | D21: 13 | E21: 6 | F21: 7 | G21: 10 | H21: 16 | I21: 6 | J21: 5 | K21: 10 | L21: 8 | M21: 8 | N21: 5 | O21: 9 | P21: 12 | Q21: 6 | S21: 129
A22: 29 | B22: 2 | C22: 8 | D22: 5 | E22: 7 | F22: 7 | G22: 12 | H22: 8 | I22: 5 | J22: 3 | K22: 6 | L22: 9 | M22: 4 | N22: 9 | O22: 10 | P22: 9 | Q22: 5 | S22: 109
A23: 30 | B23: 1 | C23: 7 | D23: 7 | E23: 8 | F23: 13 | G23: 8 | H23: 10 | I23: 10 | J23: 4 | K23: 6 | L23: 9 | M23: 17 | N23: 11 | O23: 11 | P23: 5 | Q23: 6 | S23: 133
A24: 31 | B24: 2 | C24: 5 | D24: 11 | E24: 6 | F24: 4 | G24: 11 | H24: 9 | I24: 10 | J24: 6 | K24: 11 | L24: 11 | M24: 8 | N24: 6 | O24: 8 | P24: 7 | Q24: 9 | S24: 124
A25: 32 | B25: 1 | C25: 7 | D25: 7 | E25: 10 | F25: 9 | G25: 12 | H25: 8 | I25: 8 | J25: 9 | K25: 8 | L25: 5 | M25: 5 | N25: 14 | O25: 8 | P25: 11 | Q25: 10 | S25: 132
A26: 33 | B26: 8 | C26: 5 | D26: 4 | E26: 6 | F26: 5 | G26: 5 | H26: 4 | I26: 7 | J26: 10 | K26: 7 | L26: 7 | M26: 9 | N26: 15 | O26: 8 | P26: 13 | Q26: 6 | S26: 119
A27: 34 | B27: 4 | C27: 2 | D27: 5 | E27: 8 | F27: 5 | G27: 5 | H27: 5 | I27: 7 | J27: 13 | K27: 11 | L27: 12 | M27: 6 | N27: 5 | O27: 14 | P27: 11 | Q27: 8 | S27: 121
A28: 35 | B28: 10 | C28: 3 | D28: 4 | E28: 8 | F28: 5 | G28: 3 | H28: 2 | I28: 3 | J28: 8 | K28: 8 | L28: 10 | M28: 9 | N28: 7 | O28: 14 | P28: 18 | Q28: 7 | S28: 119
A29: 36 | B29: 6 | C29: 5 | D29: 4 | E29: 5 | F29: 8 | G29: 9 | H29: 9 | I29: 8 | J29: 5 | K29: 8 | L29: 15 | M29: 6 | N29: 14 | O29: 11 | P29: 14 | Q29: 5 | S29: 132
A30: 37 | B30: 4 | C30: 3 | D30: 8 | E30: 8 | F30: 4 | G30: 4 | H30: 3 | I30: 10 | J30: 12 | K30: 12 | L30: 7 | M30: 9 | N30: 6 | O30: 11 | P30: 7 | Q30: 4 | S30: 112
A31: 38 | B31: 8 | C31: 2 | D31: 7 | E31: 7 | F31: 9 | G31: 2 | H31: 5 | I31: 9 | J31: 6 | K31: 10 | L31: 9 | M31: 4 | N31: 9 | O31: 8 | P31: 15 | Q31: 5 | S31: 115
A32: 39 | B32: 9 | C32: 6 | D32: 5 | E32: 5 | F32: 9 | G32: 6 | H32: 6 | I32: 9 | J32: 7 | K32: 9 | L32: 8 | M32: 10 | N32: 11 | O32: 10 | P32: 13 | Q32: 7 | S32: 130
... A47: 54 | B47: 6 | C47: 6 | D47: 4 | E47: 4 | F47: 5 | G47: 5 | H47: 4 | I47: 6 | J47: 6 | K47: 9 | L47: 9 | M47: 5 | N47: 11 | O47: 8 | P47: 10 | Q47: 1 | S47: 99
A48: 55 | B48: 22 | C48: 22 | D48: 19 | E48: 17 | F48: 19 | G48: 1 | I48: 3 | J48: 2 | K48: 2 | M48: 1 | N48: 2 | P48: 1 | Q48: 1 | S48: 112
A49: 56 | B49: 27 | C49: 28 | D49: 24 | E49: 19 | F49: 20 | H49: 1 | I49: 3 | J49: 2 | K49: 4 | M49: 1 | N49: 3 | P49: 3 | Q49: 1 | S49: 136
A50: 57 | B50: 18 | C50: 22 | D50: 19 | E50: 27 | F50: 32 | H50: 4 | I50: 1 | K50: 2 | L50: 1 | M50: 3 | N50: 1 | O50: 1 | P50: 1 | Q50: 3 | S50: 135
A51: 58 | B51: 29 | C51: 19 | D51: 23 | E51: 23 | F51: 17 | G51: 5 | H51: 1 | I51: 7 | J51: 2 | K51: 2 | M51: 5 | O51: 1 | P51: 1 | Q51: 3 | S51: 138
A52: 59 | B52: 26 | C52: 22 | D52: 16 | E52: 20 | F52: 24 | J52: 1 | K52: 1 | L52: 3 | M52: 2 | N52: 3 | Q52: 1 | S52: 119
A53: 60 | B53: 20 | C53: 25 | D53: 15 | E53: 30 | F53: 18 | G53: 1 | H53: 1 | J53: 5 | K53: 1 | L53: 1 | M53: 2 | N53: 2 | O53: 1 | P53: 1 | Q53: 2 | S53: 125
A54: (blank)
A55: Grand Total | B55: 302 | C55: 321 | D55: 339 | E55: 359 | F55: 362 | G55: 242 | H55: 214 | I55: 286 | J55: 300 | K55: 335 | L55: 342 | M55: 315 | N55: 365 | O55: 351 | P55: 334 | Q55: 233 | S55: 5000
